{
    "lr_s": [
        1e-06,
        1e-05,
        0.0001,
        0.001,
        0.004,
        0.007,
        0.01,
        0.03,
        0.1
    ],
    "loss_history": [
        [
            0.523916174014714,
            0.4161094516735324,
            0.2906201298120392,
            0.19046884905516304,
            0.11241681004367392,
            0.06575859676321379,
            0.04182414264286218,
            0.029877652672051593,
            0.023450223194335634,
            0.019627337142864507,
            0.017138598764362648,
            0.01540421838618287,
            0.014160228755175112,
            0.013108605563168702,
            0.012358058073583124,
            0.011669993609285017,
            0.011204972318027712,
            0.01068147494382045,
            0.010299256602749683,
            0.009928300334104904
        ],
        [
            0.1505888045109081,
            0.011882521301951932,
            0.00820837224372118,
            0.006549075102558302,
            0.005584853024928835,
            0.004862874278825455,
            0.00422998609399725,
            0.003743977306769965,
            0.0033717555066956253,
            0.003142913132005062,
            0.002895053401595431,
            0.0026387572456368093,
            0.002513975547730329,
            0.0023465130529436527,
            0.0021757266489176594,
            0.0020297732510130987,
            0.001887496912510047,
            0.0017521310325700474,
            0.001637439369082067,
            0.001538601273101623
        ],
        [
            0.022822695066270278,
            0.0036191200139881483,
            0.0021963804366554574,
            0.0014544466883707812,
            0.0011605600374392962,
            0.001030246825170238,
            0.001006705067497576,
            0.0008684612180144557,
            0.0008331020766099419,
            0.0007152219041953459,
            0.0007117075275175028,
            0.0007200967326271824,
            0.0005526395991179514,
            0.0005875906467360272,
            0.0005713686725641724,
            0.0005836735099192358,
            0.0005627275133119696,
            0.00048141876434264696,
            0.0004775574099002907,
            0.0004630213097390845
        ],
        [
            0.011146010826981,
            0.0025770198321965355,
            0.001741803676610924,
            0.0013045162197901387,
            0.0011117767423049181,
            0.0009613733420168812,
            0.0009515691153792736,
            0.0008894184586661436,
            0.0007864565501558979,
            0.0008289298978307503,
            0.0006499243862272612,
            0.0007653091824490335,
            0.0007040823336272999,
            0.0006192751582152833,
            0.0006494367297578811,
            0.0005854776218447531,
            0.0008226606627299461,
            0.0005255444283382741,
            0.0004772620610840112,
            0.0004892361238771783
        ],
        [
            0.010985645789262876,
            0.005029076732546641,
            0.004597079417504065,
            0.003882488579856973,
            0.003716229108833591,
            0.003985440481320934,
            0.0033706071424262707,
            0.0036240588423214525,
            0.0028736703837705154,
            0.0034909587666656617,
            0.002677055684926516,
            0.002656483228951214,
            0.002779952286128522,
            0.0027452643017554378,
            0.004501617977665715,
            0.0026074468782899905,
            0.003766812543511468,
            0.00275431048664861,
            0.0029579262858045853,
            0.002572589692232353
        ],
        [
            0.013193014860192167,
            0.005889211390131463,
            0.005892251344180062,
            0.004533777841042382,
            0.00523168167383263,
            0.007890787862426642,
            0.004166312238167951,
            0.0039487367015130035,
            0.0034300837354607713,
            0.0033228793466223913,
            0.0033438920948294787,
            0.004010159513047359,
            0.0030423074411291833,
            0.003617508943529983,
            0.004228901283545158,
            0.0027863907391392313,
            0.0028115170381117767,
            0.003921084298051963,
            0.002682350083744546,
            1.5792598553636006
        ],
        [
            0.016127415182129064,
            0.009896889634107169,
            0.008361604548930026,
            0.007832371631916621,
            0.00595253211953956,
            0.010254827532972743,
            0.007045763143027287,
            0.012840430503047036,
            0.007155701435209595,
            0.006688230726618475,
            0.005815276852705299,
            0.00659593486946154,
            0.006774664208122805,
            1.7602769596277779,
            3.8368055302230264,
            3.836805530853598,
            3.83680553001012,
            3.836805531612015,
            3.8368055307659903,
            3.8368055311719393
        ],
        [
            3.836510252514996,
            3.8368055313130287,
            3.8368055303320268,
            3.8368055296031516,
            3.8368055323658483,
            3.836805531359379,
            3.836805529826755,
            3.8368055309366214,
            3.836805530098746,
            3.8368055304196345,
            3.8368055312081033,
            3.836805530841883,
            3.836805530699266,
            3.836805529769708,
            3.8368055305989244,
            3.8368055286685006,
            3.8368055303569846,
            3.8368055307884013,
            3.836805530148662,
            3.836805529623016
        ],
        [
            3.8367523088611204,
            3.8368055309330558,
            3.836805530433896,
            3.836805530405882,
            3.836805530234232,
            3.83680552954203,
            3.836805530890271,
            3.8368055287713885,
            3.8368055308912896,
            3.8368055301201385,
            3.8368055316084497,
            3.836805529790082,
            3.8368055302464565,
            3.8368055305973963,
            3.836805530690607,
            3.8368055301573207,
            3.8368055292858285,
            3.8368055290337018,
            3.836805530902495,
            3.836805530458854
        ]
    ],