{
  "flux-threshold": 0.05,
  "lr_s": [
    1e-06,
    1e-05,
    0.0001,
    0.001,
    0.004,
    0.007,
    0.01,
    0.03,
    0.1
  ],
  "loss_history": [
    [
      0.5137473847971258,
      0.4885748803679293,
      0.47817133341622897,
      0.47088680282421774,
      0.46540865902633255,
      0.4617782869824993,
      0.45962993457534995,
      0.45840310644181975,
      0.457578999941303,
      0.45670741691391187,
      0.4561368519039089,
      0.4554337883396656,
      0.4551492010042988,
      0.45449461486712567,
      0.4539195753806945,
      0.4534672095117662,
      0.45294956461644037,
      0.45230049090245117,
      0.4514710445371594,
      0.4507658643191747
    ],
    [
      0.47561453626986816,
      0.4554429477795278,
      0.45151070305253627,
      0.4434541160880103,
      0.4229340129252597,
      0.39354252145007396,
      0.37417708660690274,
      0.360300943559822,
      0.34777597215007383,
      0.33396094332516396,
      0.3209346223324288,
      0.30837886562698386,
      0.296739337876072,
      0.2848240667846895,
      0.27178025028625724,
      0.26082195282492204,
      0.24992359584796228,
      0.24261453956542436,
      0.23355531012798017,
      0.22645540117853682
    ],
    [
      0.4449241032525484,
      0.31538424274089377,
      0.23707510583822458,
      0.19821808436851485,
      0.1729610878163674,
      0.1560175474396477,
      0.14077723959161662,
      0.13212685794663415,
      0.12217229517344158,
      0.11370558342121166,
      0.10728051649687302,
      0.10011984818831174,
      0.0972393277725842,
      0.09302944421166656,
      0.09041333188948371,
      0.08820014283292231,
      0.08254422238633122,
      0.07995162731845708,
      0.07997891087375424,
      0.07547069938763108
    ],
    [
      0.3138933580733487,
      0.05138578335800576,
      0.0358138535077302,
      0.02967598694057135,
      0.026651457167826,
      0.028083725066277734,
      0.02477669616490395,
      0.02356453211781827,
      0.023703881303415806,
      0.023076975475934597,
      0.022248675536285525,
      0.021916651856831733,
      0.020754364052680475,
      0.02116913269041656,
      0.020179444879911974,
      0.020893470852148256,
      0.020308030439198835,
      0.020222660990655478,
      0.019598352657582863,
      0.01920094073988672
    ],
    [
      0.5214096280757007,
      0.5212003340113037,
      0.5217033494289472,
      0.5214507277180503,
      0.5212024071594903,
      0.5210543094114312,
      0.5212235850419888,
      0.5212163035636437,
      0.5209626836553268,
      0.5216200076450596,
      0.5211249495465059,
      0.5212666512488261,
      0.5210526705093513,
      0.5213376826193129,
      0.5213448168116039,
      0.5210135923958615,
      0.5212541581900546,
      0.5213382659574917,
      0.5213209080314092,
      0.5210782086513498
    ],
    [
      0.5273984955391376,
      0.5275040587286326,
      0.5272075203758405,
      0.5278163245557607,
      0.5279365417090417,
      0.5279755800820685,
      0.5279872386719816,
      0.5273604010216663,
      0.5278748294103669,
      0.5268424979458184,
      0.5277116351347703,
      0.5271450505963798,
      0.5281020183891333,
      0.5280592088344783,
      0.5277469714868189,
      0.5270612365944328,
      0.5278540994042086,
      0.5272609203266821,
      0.527698580221691,
      0.5275212289776606
    ],
    [
      0.5344195052667703,
      0.5336328847207817,
      0.5347594382905858,
      0.5340381589074122,
      0.5333966017461085,
      0.5330708797379741,
      0.5337117346145654,
      0.534474077643947,
      0.5338505694530127,
      0.5338867541701354,
      0.5332353324084615,
      0.5337696925784371,
      0.5330133928647113,
      0.5332123260280857,
      0.5335829607851842,
      0.5337679332222542,
      0.5332962506694078,
      0.5333663669433011,
      0.5340184036523009,
      0.5337099370436378
    ],
    [
      0.5709035094896707,
      0.5713734732172829,
      0.5695010701741885,
      0.5711722189557394,
      0.5684140817988812,
      0.5713244508037021,
      0.5713129875129817,
      0.5697613889283618,
      0.5687580622797118,
      0.5708829729992724,
      0.567970207953592,
      0.5710659582212203,
      0.5712199912505334,
      0.5700884504554443,
      0.5691503875949148,
      0.5705876194923151,
      0.5709753041431493,
      0.569116716977502,
      0.5691771156712986,
      0.5693595968863658
    ],
    [
      0.7028811948805593,
      0.7004662701846749,
      0.6938233080875795,
      0.6971905467547755,
      0.6988028565848188,
      0.6946668605876023,
      0.7007648486399196,
      0.6938452564797414,
      0.7034461123967999,
      0.7031659261329378,
      0.7003333448314298,
      0.6973004605798329,
      0.6989034399449607,
      0.7025816519279975,
      0.7031813980789122,
      0.6977311343605778,
      0.7024170539418225,
      0.6945001966381917,
      0.6995171010958605,
      0.6964258032396903
    ]
  ],