{
    "lr_s": [
        1e-06,
        1e-05,
        0.0001,
        0.001,
        0.004,
        0.007,
        0.01,
        0.03,
        0.1
    ],
    "loss_history": [
        [
            0.49746284977237243,
            0.34807815746008075,
            0.22782199753950172,
            0.14022915806873856,
            0.08192199624609968,
            0.050553728092007984,
            0.03496790874741839,
            0.026982824209108767,
            0.02225492694561904,
            0.01945315261120625,
            0.017439582685769714,
            0.016119401293584024,
            0.015024154163528858,
            0.014055369153676186,
            0.013427665358788298,
            0.012955754640589552,
            0.012375926249609037,
            0.01193440094531818,
            0.011603045407761489,
            0.011250816045522916
        ],
        [
            0.12414394066626878,
            0.012877479083206408,
            0.010137037680946509,
            0.00902427763942694,
            0.008241045947126952,
            0.007754829504760149,
            0.007407708553391325,
            0.007126323517474566,
            0.006738374365326544,
            0.006543302233975479,
            0.006330572140755311,
            0.0060698836943240495,
            0.005846735900937438,
            0.005680173180985917,
            0.005402035414877845,
            0.0051709819323423585,
            0.004957707449244975,
            0.004891384338327389,
            0.004601184362145787,
            0.004465756394866034
        ],
        [
            0.02418158841518435,
            0.006888347408822801,
            0.005136733148171349,
            0.0041987645885930265,
            0.0037145758302704534,
            0.003504336563491391,
            0.0033736234241380217,
            0.003170587712589825,
            0.0030829447156051387,
            0.002934976952608737,
            0.0027697640232403056,
            0.0027679335113203296,
            0.0026920110365346497,
            0.002706012341681433,
            0.002603711941584423,
            0.0024385261850645105,
            0.0024532779040666646,
            0.002439015037266276,
            0.0023769068979523967,
            0.002271279951026707
        ],
        [
            0.013282758817971446,
            0.0056659697894542605,
            0.004797857436649,
            0.004437943309743988,
            0.004264851844661818,
            0.004133679684964978,
            0.00382896654592741,
            0.0038130012628554326,
            0.004079305762885472,
            0.003577235616423191,
            0.0035481402069338975,
            0.0033389734971323126,
            0.003404036417468743,
            0.0033229715724174395,
            0.0031497457078356345,
            0.003288636155376461,
            0.003088761132414754,
            0.0029817770499708223,
            0.002877397683150442,
            0.002812054012472587
        ],
        [
            0.013061403115774941,
            0.005792800776519062,
            0.0055539304290773235,
            0.005432833824158733,
            0.004425037736989308,
            0.004401648051734256,
            0.004082553764174061,
            0.004299203212406032,
            0.003932693157010801,
            0.0034254779790399057,
            0.004273992240550238,
            0.003808247148807271,
            0.0035736194895173517,
            0.0036051705646348185,
            0.004730472342363762,
            0.0033243514414645924,
            0.003385210661500526,
            0.0032314188161632488,
            0.0033533559391541973,
            0.0034478710762151908
        ],
        [
            0.014473822190171575,
            0.00959839364586824,
            0.008467361144445639,
            0.008633765127387383,
            0.007436071500181502,
            0.007678531175582918,
            0.006851628844818248,
            0.006596253026931367,
            0.00739873051691713,
            0.00813432035129318,
            0.006743587128755823,
            0.006277495322147289,
            0.006321271141107721,
            0.0065864023584767655,
            0.005871950985174609,
            0.007595438435981212,
            0.007208247599652632,
            0.006134149341156288,
            0.005312495366530758,
            0.006234188947757114
        ],
        [
            0.018952912308115476,
            0.013939849210226635,
            0.014010268973067615,
            0.013471950366359817,
            0.01368741547043981,
            0.014364083477057367,
            0.01503228369800546,
            0.014246890912425068,
            0.014910112941451618,
            2.57681270689707,
            3.789945799185719,
            3.7899457992801673,
            3.7899457987174943,
            3.789945797923724,
            3.789945798974716,
            3.7899457990972985,
            3.7899458012535416,
            3.789945799055098,
            3.789945800092024,
            3.7899457990671555
        ],
        [
            3.7897195995412125,
            3.7899457990169165,
            3.7899457990571075,
            3.7899457998589168,
            3.7899457995896375,
            3.7899457987576852,
            3.7899457996599715,
            3.789945799680067,
            3.7899457997976254,
            3.789945798454244,
            3.7899458003643174,
            3.789945799343468,
            3.789945799260072,
            3.789945800345227,
            3.789945799343468,
            3.7899457987034277,
            3.789945798890315,
            3.789945798701418,
            3.789945798797876,
            3.7899457993464822
        ],
        [
            3.7897552995900483,
            3.789945798970697,
            3.7899457998548973,
            3.789945800938043,
            3.7899458008074225,
            3.789945800144272,
            3.789945798387929,
            3.789945799241986,
            3.7899458000538426,
            3.7899458005622577,
            3.789945800055852,
            3.789945800085995,
            3.7899457999111648,
            3.7899457988410816,
            3.7899458004135513,
            3.789945799608728,
            3.7899457991073464,
            3.789945798680318,
            3.7899457989506016,
            3.7899457999533652
        ]
    ],