{
    "lr_s": [
        1e-06,
        1e-05,
        0.0001,
        0.001,
        0.004,
        0.007,
        0.01,
        0.03,
        0.1
    ],
    "loss_history": [
        [
            0.45946663711757735,
            0.35090791837962093,
            0.2655500912598147,
            0.20520934547890213,
            0.16052297330550577,
            0.1265128537618194,
            0.10093283779741366,
            0.08174090891062677,
            0.06716342162750544,
            0.05600651467293992,
            0.047333195757665904,
            0.0407539789536091,
            0.035767591792556036,
            0.031840759726909106,
            0.02872925053113242,
            0.026259681569418648,
            0.02424297538408375,
            0.02258657691792329,
            0.021199001178130054,
            0.020027227822064193
        ],
        [
            0.1947271119886461,
            0.03071806252217298,
            0.016566347452350857,
            0.013156292841508542,
            0.011612383956271552,
            0.01067732032668382,
            0.010012089587536773,
            0.009502121192078165,
            0.009171856205964394,
            0.008778169875333213,
            0.008532186801111714,
            0.00841664301014384,
            0.008200942119585504,
            0.00805281445080738,
            0.007916997204178228,
            0.007881549867187058,
            0.007735872904966879,
            0.007708506951895816,
            0.007576226523804358,
            0.007512873376903933
        ],
        [
            0.03960210112233882,
            0.013302920787643857,
            0.012215333380101306,
            0.010920371898536629,
            0.010456066208968252,
            0.009605279529570087,
            0.009435079735872742,
            0.008747746089248115,
            0.008192638110208844,
            0.008009275937658912,
            0.007970897495669529,
            0.007391713151931538,
            0.007307159930099166,
            0.007237055842171889,
            0.006857044401374477,
            0.0066900863701871635,
            0.0064556336470378865,
            0.006359869363163174,
            0.006036404207288249,
            0.006203237551598664
        ],
        [
            0.03163145941248277,
            0.018941009209674523,
            0.016007879926509854,
            0.014658418772811417,
            0.013333448107803111,
            0.012501002711201298,
            0.012254531200882693,
            0.011253927725193956,
            0.011023264779866163,
            0.010553148082198363,
            0.010229546036702081,
            0.009920712417560883,
            0.009358472551083824,
            0.0093930361654843,
            0.009080568557217667,
            0.008962173072432892,
            0.008672572910386922,
            0.008312389039497903,
            0.008630513047817036,
            0.008371086651884565
        ],
        [
            0.03949410563285919,
            0.022550878747267078,
            0.018161874782525882,
            0.016137140223596195,
            0.01494197947280328,
            0.01431371546173685,
            0.013813008271814508,
            0.013157465867617608,
            0.012869010699366029,
            0.012404786329872564,
            0.012131960455228892,
            0.011664453096065643,
            0.011460314023231293,
            0.011379073024464104,
            0.011270695736394354,
            0.010756017563120146,
            0.01070741496124971,
            0.010736440359605123,
            0.010511232613079884,
            0.010845561794775908
        ],
        [
            0.040934710590037136,
            0.022237200066997292,
            0.019245427410627406,
            0.01654574455178154,
            0.015793234008350008,
            0.014864636551335155,
            0.014345566174838386,
            0.013565737374425148,
            0.012999692611556694,
            0.012792850389881196,
            0.012072857279765927,
            0.011774108045367026,
            0.011431350395497126,
            0.011349188584084796,
            0.01126245263673603,
            0.010995257177244856,
            0.01131880680377035,
            0.01080502319471456,
            0.01071429377011031,
            0.010778974227256021
        ],
        [
            0.04399316795446168,
            0.025042428562154825,
            0.02032667161645657,
            0.017570085196648356,
            0.01744004062143343,
            0.015886207303803742,
            0.014908402942323868,
            0.014928612345232574,
            0.01403910790935596,
            0.013768250672421418,
            0.01411546212066692,
            0.013457208251335276,
            0.013037097700246763,
            0.012544242247550158,
            0.01278965584663896,
            0.012509239720975932,
            0.012056367793633485,
            0.012170429236592091,
            0.012124074688713241,
            0.012367536503443655
        ],
        [
            3.7970263646507694,
            3.797146049496393,
            3.797146048503677,
            3.7971460476556484,
            3.7971460503745647,
            3.797146046574513,
            3.797146048234398,
            3.7971460481218635,
            3.797146047480818,
            3.797146047587324,
            3.7971460483348753,
            3.79714604893372,
            3.7971460462650426,
            3.7971460471522573,
            3.79714604791488,
            3.797146048805109,
            3.797146047092976,
            3.797146049460221,
            3.797146046972403,
            3.797146046512217
        ],
        [
            3.797043264777813,
            3.797146047569238,
            3.7971460475019185,
            3.7971460462610236,
            3.7971460487990805,
            3.7971460458108854,
            3.797146047627515,
            3.797146047597372,
            3.797146048587073,
            3.797146048305737,
            3.797146046228871,
            3.7971460486835316,
            3.797146046562456,
            3.7971460485720017,
            3.7971460475230185,
            3.797146048734775,
            3.7971460478164123,
            3.797146048140954,
            3.797146047229625,
            3.7971460484413813
        ]
    ],