{
  "flux-threshold": 0.05,
  "lr_s": [
    1e-06,
    1e-05,
    0.0001,
    0.001,
    0.004,
    0.007,
    0.01,
    0.03,
    0.1
  ],
  "loss_history": [
    [
      0.4770279958704942,
      0.4584697764150717,
      0.45372695296560966,
      0.4502713163934925,
      0.4474478772168807,
      0.444884731252576,
      0.44239347009352814,
      0.43983009312275934,
      0.4372565231358314,
      0.4345862195337872,
      0.4318366060327037,
      0.42898752998715767,
      0.4260078901317812,
      0.42292864983573,
      0.41972057669892043,
      0.4165055330007808,
      0.4132403420999798,
      0.410008942572773,
      0.40685959342633693,
      0.403855849380663
    ],
    [
      0.4548426043768761,
      0.42671844020299043,
      0.3985211853749874,
      0.3776873114270137,
      0.3583294077901581,
      0.3396381652758342,
      0.3200532571422523,
      0.3043618215284753,
      0.2930390037885751,
      0.2829083918182934,
      0.2753961266933477,
      0.26855564009082655,
      0.26208686172600826,
      0.2562883701659548,
      0.2506150321000203,
      0.2450192401244099,
      0.23995301254405557,
      0.23580575633141287,
      0.23129478176797005,
      0.22619999319591022
    ],
    [
      0.4130900261538271,
      0.22342745581998052,
      0.08895233201585759,
      0.0782662893929573,
      0.07649458740551639,
      0.0717807924130172,
      0.06472856189093107,
      0.06430671106901474,
      0.06421475456737419,
      0.06421867390913374,
      0.06011567785631635,
      0.060602589627029316,
      0.05767070701743858,
      0.05557958162629184,
      0.05724481084468048,
      0.05578535387106175,
      0.0557432580992437,
      0.05305987597552331,
      0.0532053772974939,
      0.051670310275418824
    ],
    [
      0.463341324802974,
      0.4578875519077102,
      0.4455004829826238,
      0.4232166912654844,
      0.37488543470030283,
      0.26918381248342355,
      0.2849682784804284,
      0.24748420084649905,
      0.2627942675607742,
      0.2106916762163975,
      0.2892159156173277,
      0.2357069372616094,
      0.2182530443663316,
      0.2073161895508907,
      0.18138034185561389,
      0.19205591376824638,
      0.18430608092379733,
      0.15362068382615965,
      0.15298305791668573,
      0.20989895916434706
    ],
    [
      0.5246218465760296,
      0.5254800654789207,
      0.5263517726420217,
      0.5261784744989135,
      0.5259509184685588,
      0.5258057420411802,
      0.5262180469943128,
      0.5257325363451659,
      0.5253759527421142,
      0.5257111273540653,
      0.5251984746085796,
      0.5259084001687949,
      0.5260656983956328,
      0.5255096972197189,
      0.5257810075413126,
      0.5249867010153197,
      0.526618981836447,
      0.5262702862899996,
      0.5254080087394766,
      0.5260933347466371
    ],
    [
      0.5360361530302322,
      0.5345064536077733,
      0.5357691326786265,
      0.5354001197446785,
      0.5341178499321151,
      0.533699338861166,
      0.5353985469100696,
      0.5352753230628365,
      0.5349989604947208,
      0.5351699176228463,
      0.5353431466881845,
      0.5345315010089365,
      0.5339162502869648,
      0.5348215993139614,
      0.5356167497807278,
      0.534705684676807,
      0.5349294740024662,
      0.5344273073227559,
      0.533967822018414,
      0.5342420169222565
    ],
    [
      0.543923961170401,
      0.5433071002034756,
      0.5429378571556873,
      0.5429657675251611,
      0.5421877522060224,
      0.5434286922252914,
      0.5438434740137872,
      0.5420360266079438,
      0.5434165265050707,
      0.5419117507886803,
      0.5425820162343983,
      0.5426674791515813,
      0.5429004666291274,
      0.5440206772147524,
      0.5432442110569883,
      0.5435039620752967,
      0.5431437745402685,
      0.5429079589957709,
      0.5423663708820917,
      0.5423429179792842
    ],
    [
      3.3552318822394698,
      3.354242099651966,
      3.354242098853414,
      3.3542420986517594,
      3.354242099760053,
      3.354242099427726,
      3.354242100716702,
      3.354242099224458,
      3.354242100465037,
      3.3542420994099804,
      3.354242100190787,
      3.3542420986033625,
      3.354242100240797,
      3.3542420989727937,
      3.354242099069588,
      3.354242100300487,
      3.354242099701976,
      3.3542420995341997,
      3.3542420998149027,
      3.3542420992180055
    ],
    [
      3.3540595111754388,
      3.354242099064748,
      3.354242099619701,
      3.354242099353517,
      3.354242099277695,
      3.354242099379329,
      3.354242098430746,
      3.35424209897602,
      3.3542420992454303,
      3.354242099884272,
      3.354242098859867,
      3.354242098885679,
      3.354242099608409,
      3.3542420995309734,
      3.3542420993825557,
      3.35424209969875,
      3.3542421001859473,
      3.354242099277695,
      3.3542421002682223,
      3.3542421001633618
    ]
  ],