{
    "lr_s": [
        1e-06,
        1e-05,
        0.0001,
        0.001,
        0.004,
        0.007,
        0.01,
        0.03,
        0.1
    ],
    "loss_history": [
        [
            0.46348727811611823,
            0.3662699356971492,
            0.2876523910089591,
            0.22176871633452344,
            0.17072458636117102,
            0.13209170724477712,
            0.10341104711276915,
            0.08221129326770933,
            0.06652157982465529,
            0.054827765409602255,
            0.04603518179058717,
            0.039399760662077704,
            0.034319645476484195,
            0.030411808274971936,
            0.02729042777984236,
            0.024815544222327592,
            0.022811140917701433,
            0.02116147372179881,
            0.01978266907682241,
            0.01862578984135937
        ],
        [
            0.1556861545097636,
            0.024235368814752432,
            0.013801847689275556,
            0.01068023604038107,
            0.00900737496148784,
            0.00796639436163411,
            0.0072543359361371745,
            0.006736672312433639,
            0.00632183353231633,
            0.00598717055093758,
            0.00574898248000378,
            0.005543316287359432,
            0.005329284523677917,
            0.005188953326030805,
            0.004981647897991865,
            0.004895153886093156,
            0.0047032903132359985,
            0.004584971234596377,
            0.004502780444110439,
            0.0044455022754717865
        ],
        [
            0.04276087837569095,
            0.010268938711078628,
            0.009137348078504326,
            0.007767294814858105,
            0.00723117357251133,
            0.0067729712292463546,
            0.005938878572396968,
            0.005819547542494505,
            0.005260040267279913,
            0.005132251113638625,
            0.0054070988883737105,
            0.00479318441546276,
            0.004673713141491584,
            0.004477072730419967,
            0.004377586588907788,
            0.004295448478798253,
            0.004691301259759014,
            0.00423399480305362,
            0.004064117926808813,
            0.0036191508435376427
        ],
        [
            0.030687172025260497,
            0.016694102919425007,
            0.014102783425625787,
            0.01211932082722826,
            0.01098689064778857,
            0.010082486818311627,
            0.00925949277181783,
            0.008582345678041685,
            0.008065852898765099,
            0.007520931121078656,
            0.007524431083783279,
            0.00691435847090348,
            0.006553355694982273,
            0.006261169164253916,
            0.0060507157005420375,
            0.005906662105662198,
            0.00563242561357866,
            0.005667791906496096,
            0.005284108180467119,
            0.005265230726527087
        ],
        [
            0.0430467460968456,
            0.02077593878305941,
            0.01692915977823403,
            0.014869502122246208,
            0.014663072028268526,
            0.013195254162697413,
            0.013345470117537462,
            0.01261507570920546,
            0.01246600182271733,
            0.011800118357826767,
            0.011280533601513458,
            0.010774656756713961,
            0.011190513749218246,
            0.010337547121181548,
            0.010320932306062808,
            0.010089628120153396,
            0.009942878912542329,
            0.009693204593236667,
            0.009868084849411282,
            0.009583446012969447
        ],
        [
            0.040779866215566785,
            0.01956627746143376,
            0.016794036798996003,
            0.013848225871763115,
            0.012705956379193731,
            0.011807860801543548,
            0.011231635992087433,
            0.010660739271114644,
            0.010684474147863825,
            0.010135347236884593,
            0.009560879707579824,
            0.009181782985252034,
            0.009016974234694783,
            0.00871697192099125,
            0.008782930375628257,
            0.008302231104559394,
            0.008015073424377326,
            0.00822997980487172,
            0.007748085360646805,
            0.007780370095417096
        ],
        [
            0.04002863807894601,
            0.020562045271866624,
            0.017653752463716175,
            0.014826950217354576,
            0.013460573106045166,
            0.012377504441363534,
            0.013529045436800379,
            0.012947401641688443,
            0.012495843067129787,
            0.012207062029173002,
            0.011972182960450245,
            0.011468456152493395,
            0.011312719777900281,
            0.01094173970261092,
            0.01060416388846386,
            0.010626464661579169,
            0.010715269519751167,
            0.010336312437146378,
            0.010218420626485536,
            0.01043190910310767
        ],
        [
            3.847925294716331,
            3.8480654390699276,
            3.8480654405088317,
            3.848065440842454,
            3.8480654393011706,
            3.848065440472159,
            3.8480654388580393,
            3.848065439556863,
            3.8480654399791114,
            3.8480654397264753,
            3.84806544026078,
            3.848065439310339,
            3.848065439697952,
            3.8480654416085116,
            3.848065438569749,
            3.8480654403376913,
            3.8480654395711245,
            3.8480654388083777,
            3.848065439620022,
            3.8480654409331176
        ],
        [
            3.8479440263530784,
            3.8480654386471698,
            3.8480654407405845,
            3.8480654387852025,
            3.848065440472668,
            3.848065441053578,
            3.8480654398527934,
            3.848065441760297,
            3.848065440536846,
            3.8480654403264856,
            3.8480654394855542,
            3.8480654416207356,
            3.8480654379946966,
            3.8480654399011813,
            3.8480654394249423,
            3.848065440129878,
            3.8480654389481934,
            3.848065439587424,
            3.848065438512702,
            3.8480654380726267
        ]
    ],